city,position,rank_change,download,upload,latency
Abu Dhabi,1,-,308.05,176.57,5
Beijing,2,-,291.70,39.32,12
Valparaíso,3,-,291.28,188.15,5
Lyon,4,+1,285.67,210.25,6
Shanghai,5,-1,285.39,59.40,6
New York,6,-,265.52,35.24,9
Bucharest,7,-,250.19,191.89,3
Zürich,8,+2,249.59,121.32,6
Bangkok,9,-,247.80,212.35,5
Geneva,10,+1,242.72,146.93,5
Madrid,11,-3,242.21,186.57,5
Barcelona,12,+2,237.04,181.90,5
Toronto,13,-1,233.85,50.65,8
Dubai,14,+3,230.94,113.70,6
Copenhagen,15,-2,228.52,111.38,6
Chon Buri,16,-1,223.17,189.23,5
Los Angeles,17,-1,221.17,20.73,14
Budapest,18,+1,215.45,40.51,7
New Taipei,19,+2,212.87,110.15,4
Ar-Rayyan,20,-2,202.11,156.56,4
Tokyo,21,+5,197.36,92.39,7
Kraków,22,-2,193.85,48.93,8
Haifa,23,-,193.42,63.89,7
Paris,24,-2,193.00,94.87,7
Rotterdam,25,-,179.70,56.70,11
São Paulo,26,+1,179.61,91.91,7
Lima,27,+15,178.08,94.45,4
Tel Aviv-Yafo,28,-,177.67,75.66,6
Rio de Janeiro,29,-,176.81,72.86,7
Warsaw,30,+1,176.41,48.51,9
Santiago,31,-7,172.45,92.36,6
Stockholm,32,+5,169.41,94.86,5
Auckland,33,-1,168.98,90.88,5
Bogotá,34,-,167.19,92.34,6
Milan,35,+4,165.19,103.13,7
Chisinau,36,+14,164.88,111.91,3
Porto,37,-2,164.51,94.39,5
Taipei,38,+3,164.02,70.84,4
Gothenburg,39,-1,161.53,95.53,5
Seoul,40,-10,160.27,111.62,5
Vilnius,41,+2,159.79,129.78,3
Amsterdam,42,-6,154.09,51.05,10
Osaka,43,-10,153.01,93.87,13
Dublin,44,+3,150.34,36.90,10
Amman,45,+4,148.49,121.73,4
Panama City,46,-1,146.86,14.91,10
Montevideo,47,-7,146.38,32.39,5
Kuwait City,48,+4,145.65,29.87,17
Riyadh,49,+4,143.59,68.66,6
Doha,50,+5,143.45,126.15,4
Ho Chi Minh City,51,-3,142.38,127.81,3
Medellín,52,-8,141.68,33.23,11
Arequipa,53,-2,140.75,52.04,9
Az-Zarqa,54,+3,137.08,111.87,4
Vienna,55,+1,136.55,35.61,11
Johor Bahru,56,-10,136.43,61.32,9
Montreal,57,-3,134.82,44.95,10
Manchester,58,+5,128.87,36.82,11
Oslo,59,-,126.67,89.31,6
Zagreb,60,-,119.63,50.99,6
Lisbon,61,-,118.52,82.61,7
Buenos Aires,62,-,114.08,52.00,11
London,63,+1,112.36,29.24,8
Rome,64,+2,111.91,36.87,7
Belgrade,65,+6,111.91,37.97,7
Busan,66,-8,110.58,96.13,11
Kuala Lumpur,67,-2,110.31,55.94,6
Riga,68,-,107.70,94.40,3
Jeddah,69,-2,106.07,55.94,8
Hanoi,70,+15,105.35,104.14,3
Helsinki,71,-1,101.47,40.42,16
San José,72,-3,95.50,61.30,5
Hamburg,73,-,94.71,36.53,9
Moscow,74,-,94.50,94.45,4
Guayaquil,75,+2,94.48,84.18,4
Port of Spain,76,-4,93.26,41.31,8
Antwerp,77,+3,93.21,27.30,11
Berlin,78,-3,92.93,22.24,12
Kiev,79,-1,92.69,93.96,3
Davao City,80,-4,92.41,91.12,11
Saint Petersburg,81,-,91.66,93.65,3
Quito,82,+2,91.55,78.85,4
Manila,83,-4,90.27,50.72,6
Maracaibo,84,+3,89.97,93.21,4
Asuncion,85,+1,89.41,29.17,10
Brussels,86,-4,88.20,27.56,10
Sofia,87,-4,87.61,68.82,3
Manama,88,+8,85.81,20.98,5
Kharkiv,89,-,85.69,92.27,3
Córdoba,90,-,84.68,30.16,14
Mexico City,91,+4,84.60,32.00,5
Delhi,92,-4,84.32,77.32,5
Guadalajara,93,-2,83.74,44.67,4
Prague,94,-2,80.37,24.61,9
Kathmandu,95,-2,78.93,65.19,4
Minsk,96,+1,75.50,52.57,3
Muscat,97,+6,74.33,35.58,8
Abidjan,98,+10,71.65,27.28,5
Alexandria,99,-5,71.44,9.24,4
Sydney,100,-2,68.76,18.53,10
Gomel,101,-2,68.71,73.06,9
Melbourne (Greater),102,-2,68.07,18.63,9
Kingston,103,-2,66.41,40.51,10
Ulaanbaatar,104,-2,65.71,45.87,4
Yerevan,105,+2,63.53,58.35,4
Astana,106,-1,63.38,62.55,4
Tashkent,107,-3,63.11,60.33,6
Thessaloniki,108,-2,62.86,10.07,11
Bishkek,109,-,58.36,54.04,3
Mumbai,110,-,56.72,53.92,5
Johannesburg,111,+3,56.06,50.64,5
Almaty,112,-1,55.70,55.14,4
Guatemala City,113,+2,55.46,17.02,11
Santo Domingo,114,-1,55.27,21.58,6
Samarkand,115,-3,53.44,52.22,17
Cape Town,116,+5,52.64,50.61,4
San Salvador,117,-1,52.49,16.84,11
Managua,118,-1,52.43,19.21,10
Istanbul,119,-,52.02,14.37,6
Athens,120,-2,51.67,9.73,10
Skopje,121,-1,49.59,28.60,8
Dhaka,122,-,49.17,48.59,3
Tegucigalpa,123,-,48.33,7.76,26
San Pedro Sula,124,+1,48.23,10.77,14
Kinshasa,125,-1,47.96,10.72,6
Phnom Penh,126,+1,46.33,47.19,4
Pointe-Noire,127,+1,45.98,12.98,8
Ankara,128,-2,45.67,12.66,8
Ouagadougou,129,-,45.11,11.66,6
Libreville,130,+6,44.59,10.78,6
Port-au-Prince,131,+1,44.20,22.99,14
Antananarivo,132,+1,43.93,46.37,4
Accra,133,+7,42.78,36.70,6
Baku,134,+1,39.90,39.09,5
Chittagong,135,-1,39.38,37.81,3
South Jakarta,136,-5,39.19,31.98,6
Vientiane,137,-,39.13,35.46,4
Brazzaville,138,-8,38.74,14.52,8
Cairo,139,-1,38.26,8.11,9
Baghdad,140,-1,36.63,31.08,4
Caracas,141,+2,36.19,25.50,18
Santa Cruz de la Sierra,142,-1,35.01,14.63,12
Bekasi,143,-1,34.78,20.60,6
Casablanca,144,+1,33.84,26.50,7
Dushanbe,145,+3,33.63,31.90,3
Lome,146,+1,33.50,9.12,7
La Paz,147,-3,32.42,14.91,8
Kigali,148,+1,31.89,9.48,18
Santiago De Los Caballeros,149,-3,31.37,16.50,7
Rabat,150,-,30.14,25.54,11
Dakar,151,+1,27.78,7.19,6
Tbilisi,152,-1,27.76,29.39,3
Cotonou,153,-,27.48,12.16,3
Mosul,154,-,26.69,15.57,4
Lagos,155,-,25.24,13.73,25
Freetown,156,-,24.43,12.87,4
Mandalay,157,-,23.30,22.93,7
Lilongwe,158,+6,23.18,5.83,319
Bamako,159,+4,21.85,4.63,6
Luanda,160,+1,21.17,7.16,5
Yangon,161,-2,20.90,19.36,5
Dar es Salaam,162,-,20.88,12.40,19
Lusaka,163,-3,20.82,6.00,328
Nouakchott,164,-6,20.04,11.15,11
Colombo,165,-,18.37,5.43,19
Karachi,166,-,18.15,18.79,4
Algiers,167,+3,17.83,7.13,11
Mogadishu,168,+4,17.52,14.83,20
Djibouti,169,-2,16.10,6.13,15
Maputo,170,-2,15.93,6.78,5
Lahore,171,-2,15.63,14.35,5
Tehran,172,-1,15.10,3.69,27
Tripoli,173,-,15.05,8.50,21
Kampala,174,+1,14.91,14.79,5
Harare,175,-1,14.28,13.67,12
Mashhad,176,+4,13.07,2.91,31
Nairobi,177,-,12.47,13.16,11
Oran,178,-,12.41,0.80,21
Mombasa,179,-3,12.13,11.95,10
Yaounde,180,+3,11.66,5.49,182
Douala,181,-,11.01,4.45,176
Niamey,182,-,10.97,9.77,15
Hargeisa,183,+2,10.26,10.19,12
Beirut,184,-,9.94,7.15,14
Conakry,185,-6,9.71,5.54,7
Tunis,186,-,9.59,2.95,24
Monrovia,187,+1,9.46,9.07,13
Sfax,188,-1,9.03,2.02,27
Addis Ababa,189,+1,7.93,7.17,16
Ashgabat,190,+1,7.85,7.52,89
Sana'a,191,+1,5.96,1.14,30
Aden,192,+1,5.31,0.90,63
Kabul,193,+2,3.28,1.96,21
Herat,194,-,3.09,2.58,26
Havana,195,+1,2.10,0.78,110
